WordHex,EA,Col1,Row1,Col2,Row2,DataBCID
0xFFE0800078,3,15,15,0,4,0
0x8B80179379,0,5,12,0,0,3017
0xFFE080007C,3,15,15,0,4,0
0x8B80181397,0,5,12,0,0,3081
0xFFE080003F,3,15,15,0,4,0
0x8B8018139C,0,5,12,0,0,3081
0xFFE080001C,3,15,15,0,4,0
0x8B801853B9,0,5,12,0,0,3113
0xFFE08000FB,3,15,15,0,4,0
0x8B801893C9,0,5,12,0,0,3145
0xFFE08000ED,3,15,15,0,4,0
0x8B8019140D,0,5,12,0,0,3210
0xFFE0800035,3,15,15,0,4,0
0x8B8019140F,0,5,12,0,0,3210
0xFFE0800040,3,15,15,0,4,0
0x8B80195437,0,5,12,0,0,3242
0xFFE08000C2,3,15,15,0,4,0
0x8B80199446,0,5,12,0,0,3274
0xFFE0800079,3,15,15,0,4,0
0x8B8019D45C,0,5,12,0,0,3306
0xFFE0800105,3,15,15,0,4,0
0x8B801A5474,0,5,12,0,0,3370
0xFFE080003C,3,15,15,0,4,0
0x8B801A5476,0,5,12,0,0,3370
0xF8E0C8ED12,3,12,7,0,6,1142
0xFFE08001B4,3,15,15,0,4,0
0x8B801AD49E,0,5,12,0,0,3434
0xFFE080006A,3,15,15,0,4,0
0x8B801AD4A0,0,5,12,0,0,3434
0xFFE080004A,3,15,15,0,4,0
0x8B801B14D9,0,5,12,0,0,3466
0xFFE08000FE,3,15,15,0,4,0
0x8B801B55C2,0,5,12,0,0,3498
0xFFE080006D,3,15,15,0,4,0
0x8B801B95FE,0,5,12,0,0,3530
0xFFE080007F,3,15,15,0,4,0
0x8B801C162C,0,5,12,0,0,3595
0xFFE08000F8,3,15,15,0,4,0
0x8B801C162E,0,5,12,0,0,3595
0xFFE080008D,3,15,15,0,4,0
0x8B801C9667,0,5,12,0,0,3659
0xFFE08000B4,3,15,15,0,4,0
0x8B801C9668,0,5,12,0,0,3659
0xFFE080007D,3,15,15,0,4,0
0x8B801CD66F,0,5,12,0,0,3691
0xFFE0800072,3,15,15,0,4,0
0x8B801D5680,0,5,12,0,0,3755
0xFFE0800097,3,15,15,0,4,0
0x8B801D5689,0,5,12,0,0,3755
0xFFE08000C1,3,15,15,0,4,0
0x8B801D96D8,0,5,12,0,0,3787
0xFFE08000E7,3,15,15,0,4,0
0x8B801DD6EA,0,5,12,0,0,3819
0xFFE08000EB,3,15,15,0,4,0
0x8B801E175A,0,5,12,0,0,3851
0xFFE08000A5,3,15,15,0,4,0
0x8B801E5780,0,5,12,0,0,3883
0xFFE08000F0,3,15,15,0,4,0
0x8B801E97A3,0,5,12,0,0,3915
0xFFE08000F2,3,15,15,0,4,0
0x8B801F17C2,0,5,12,0,0,3979
0xFFE0800059,3,15,15,0,4,0
0x8B801F17C4,0,5,12,0,0,3979
0xFFE08000C6,3,15,15,0,4,0
0x8B801F57D7,0,5,12,0,0,4011
0xFFE08000FA,3,15,15,0,4,0
0x8B801F97E8,0,5,12,0,0,4043
0xFFE0800030,3,15,15,0,4,0
0x8B801FD893,0,5,12,0,0,4076
0xFFE0800002,3,15,15,0,4,0
0x8B802018B9,0,5,12,0,1,12
0xFFE08000E8,3,15,15,0,4,0
0x8B802058D1,0,5,12,0,1,44
0xFFE08000A6,3,15,15,0,4,0
0x8B802098D8,0,5,12,0,1,76
0xFFE08000B7,3,15,15,0,4,0
0x8B8021190E,0,5,12,0,1,140
0xFFE0800014,3,15,15,0,4,0
0x8B80211911,0,5,12,0,1,140
0xFFE0800004,3,15,15,0,4,0
0x8B8021591D,0,5,12,0,1,172
0xFFE0800028,3,15,15,0,4,0
0x8B8021D92F,0,5,12,0,1,236
0xFFE0800063,3,15,15,0,4,0
0x8B8021D931,0,5,12,0,1,236
0xFFE08000DE,3,15,15,0,4,0
0x8B80221957,0,5,12,0,1,268
0xFFE08000BD,3,15,15,0,4,0
0x8B8022997F,0,5,12,0,1,332
0xFFE08000A1,3,15,15,0,4,0
0x8B8022D981,0,5,12,0,1,364
0xFFE0800083,3,15,15,0,4,0
0x8B80231985,0,5,12,0,1,396
0xFFE08000DA,3,15,15,0,4,0
0x8B80231987,0,5,12,0,1,396
0xFFE08000AF,3,15,15,0,4,0
0x8B802359E0,0,5,12,0,1,428
0xE4E033C172,3,2,7,0,1,2528
0xFFE080011B,3,15,15,0,4,0
0x8B802399F8,0,5,12,0,1,460
0xADA073F1C0,1,6,13,0,3,2552
0xFFE08001F6,3,15,15,0,4,0
0x8B8023DA37,0,5,12,0,1,493
0xFFE080007A,3,15,15,0,4,0
0x8B80241A58,0,5,12,0,1,525
0xFFE08000EE,3,15,15,0,4,0
0x8B80245A7C,0,5,12,0,1,557
0xFFE08000A4,3,15,15,0,4,0
0x8B80249A8C,0,5,12,0,1,589
0xFFE0800098,3,15,15,0,4,0
0x8B8024DAA5,0,5,12,0,1,621
0xFFE080006E,3,15,15,0,4,0
0x8B80251ACF,0,5,12,0,1,653
0xFFE08000DB,3,15,15,0,4,0
0x8B80255ADE,0,5,12,0,1,685
0xFFE0800092,3,15,15,0,4,0
0x8B80259B10,0,5,12,0,1,717
0xFFE08000DA,3,15,15,0,4,0
0x8B8025DB52,0,5,12,0,1,749
0xFFE0800087,3,15,15,0,4,0
0x8B80261B84,0,5,12,0,1,781
0xFFE080008A,3,15,15,0,4,0
0x8B80265B92,0,5,12,0,1,813
0xFFE08000F1,3,15,15,0,4,0
0x8B80269BB9,0,5,12,0,1,845
0xFFE0800008,3,15,15,0,4,0
0x8B8026DC3D,0,5,12,0,1,878
0xFFE0800076,3,15,15,0,4,0
0x8B80279C96,0,5,12,0,1,974
0xB8A0D92CF3,1,12,5,0,6,3222
0xFFE08001E1,3,15,15,0,4,0
0x8B80279C99,0,5,12,0,1,974
0xFFE08000E2,3,15,15,0,4,0
0x8B80279C9B,0,5,12,0,1,974
0xFFE0800097,3,15,15,0,4,0
0x8B8027DCAF,0,5,12,0,1,1006
0xFFE0800004,3,15,15,0,4,0
0x8B80281CC9,0,5,12,0,1,1038
0xFFE08000AB,3,15,15,0,4,0
0x8B80285CFC,0,5,12,0,1,1070
0xFFE0800191,3,15,15,0,4,0
0x8B80289D6C,0,5,12,0,1,1102
0xFFE0800075,3,15,15,0,4,0
0x8B8028DDA2,0,5,12,0,1,1134
0xFFE0800013,3,15,15,0,4,0
0x8B80291DE5,0,5,12,0,1,1166
0xFFE0800087,3,15,15,0,4,0
0x8B80295027,0,5,12,0,1,1192
0xFFE0800025,3,15,15,0,4,0
0x8B80299070,0,5,12,0,1,1224
0xFFE080009C,3,15,15,0,4,0
0x8B8029D0A8,0,5,12,0,1,1256
0xCDC061509B,2,6,14,0,3,168
0xFFE08001A2,3,15,15,0,4,0
0x8B802A10BA,0,5,12,0,1,1288
0x90808175CB,0,8,4,0,4,186
0xFFE08001F3,3,15,15,0,4,0
0x8B802A50D2,0,5,12,0,1,1320
0xEDE061A5B8,3,6,15,0,3,210
0xFFE08001F0,3,15,15,0,4,0
0x8B802A910C,0,5,12,0,1,1352
0xFFE08000BB,3,15,15,0,4,0
0x8B802AD125,0,5,12,0,1,1384
0xFFE080004D,3,15,15,0,4,0
0x8B802B5137,0,5,12,0,1,1448
0xFFE080006F,3,15,15,0,4,0
0x8B802B5139,0,5,12,0,1,1448
0xFFE080000B,3,15,15,0,4,0
0x8B802B91A6,0,5,12,0,1,1480
0xFFE0800076,3,15,15,0,4,0
0x8B802BD1DE,0,5,12,0,1,1512
0xFFE08000E1,3,15,15,0,4,0
0x8B802C11E7,0,5,12,0,1,1544
0xFFE0800026,3,15,15,0,4,0
0x8B802C5268,0,5,12,0,1,1577
0xFFE0800004,3,15,15,0,4,0
0x8B802C928F,0,5,12,0,1,1609
0xFFE08000D3,3,15,15,0,4,0
0x8B802CD2AF,0,5,12,0,1,1641
0xFFE0800073,3,15,15,0,4,0
0x8B802D12D9,0,5,12,0,1,1673
0xFFE080000E,3,15,15,0,4,0
0x8B802D52E6,0,5,12,0,1,1705
0xFFE08000BE,3,15,15,0,4,0
0x8B802DD302,0,5,12,0,1,1769
0xFFE08000D8,3,15,15,0,4,0
0x8B802DD303,0,5,12,0,1,1769
0xFFE0800075,3,15,15,0,4,0
0x8B802E5376,0,5,12,0,1,1833
0xFFE080002A,3,15,15,0,4,0
0x8B802ED37A,0,5,12,0,1,1897
0xFFE0800041,3,15,15,0,4,0
0x8B802F137C,0,5,12,0,1,1929
0xFFE080006D,3,15,15,0,4,0
0x8B802F137D,0,5,12,0,1,1929
0xFFE08000C0,3,15,15,0,4,0
0x8B802F1384,0,5,12,0,1,1929
0xFFE08000ED,3,15,15,0,4,0
0x8B802F9399,0,5,12,0,1,1993
0xFFE08000F2,3,15,15,0,4,0
0x8B802F939B,0,5,12,0,1,1993
0xFFE0800087,3,15,15,0,4,0
0x8B802FD3E5,0,5,12,0,1,2025
0xFFE080008F,3,15,15,0,4,0
0x8B8030145C,0,5,12,0,1,2058
0xADA068B9C2,1,6,13,0,3,1116
0xFFE08002A2,3,15,15,0,4,1
0x8B8030547C,0,5,12,0,1,2090
0xD0C088F981,2,8,6,0,4,1148
0xFFE0800116,3,15,15,0,4,0
0x8B8030949B,0,5,12,0,1,2122
0xFFE0800021,3,15,15,0,4,0
0x8B8030D4A8,0,5,12,0,1,2154
0xADA06951C3,1,6,13,0,3,1192
0xFFE080012E,3,15,15,0,4,0
0x8B803114F8,0,5,12,0,1,2186
0xFFE08001F0,3,15,15,0,4,0
0x8B80315545,0,5,12,0,1,2218
0xFFE0800044,3,15,15,0,4,0
0x8B8031D58E,0,5,12,0,1,2282
0xE0E00B1D16,3,0,7,0,0,1422
0xFFE08001A5,3,15,15,0,4,0
0x8B8031D592,0,5,12,0,1,2282
0x9480AB25BD,0,10,4,0,5,1426
0xFFE08001C7,3,15,15,0,4,0
0x8B803215BC,0,5,12,0,1,2314
0xFFE0800067,3,15,15,0,4,0
0x8B803255C8,0,5,12,0,1,2346
0xCCC06B9070,2,6,6,0,3,1480
0xFFE0800188,3,15,15,0,4,0
0x8B803295D6,0,5,12,0,1,2378
0xFFE080001B,3,15,15,0,4,0
0x8B8032D5F5,0,5,12,0,1,2410
0xFFE0800063,3,15,15,0,4,0
0x8B80335626,0,5,12,0,1,2475
0xFFE080002F,3,15,15,0,4,0
0x8B8033562A,0,5,12,0,1,2475
0xFFE080003E,3,15,15,0,4,0
0x8B8033969F,0,5,12,0,1,2507
0xFFE0800050,3,15,15,0,4,0
0x8B8033D6BC,0,5,12,0,1,2539
0xFFE0800028,3,15,15,0,4,0
0x8B803496D3,0,5,12,0,1,2635
0xFFE08000C6,3,15,15,0,4,0
0x8B803496D5,0,5,12,0,1,2635
0xFFE0800059,3,15,15,0,4,0
0x8B803496D7,0,5,12,0,1,2635
0xFFE080002C,3,15,15,0,4,0
0x8B803516E3,0,5,12,0,1,2699
0xFFE080000C,3,15,15,0,4,0
0x8B803516E4,0,5,12,0,1,2699
0xFFE080003E,3,15,15,0,4,0
0x8B8035D6FA,0,5,12,0,1,2795
0xFFE08000C4,3,15,15,0,4,0
0x8B8035D6FC,0,5,12,0,1,2795
0xFFE080005B,3,15,15,0,4,0
